US_NEWS_2026_RANK,UNIVERSITY,ACCEPTANCE_RATE_PERCENT,AVERAGE_HIGH_SCHOOL_GPA,GPA_WEIGHTING,SAT_25TH,SAT_MEDIAN_REPORTED,SAT_75TH,SAT_TYPICAL_SCORE_PROXY,SAT_PROXY_METHOD,ACT_25TH,ACT_MEDIAN_REPORTED,ACT_75TH,ACT_TYPICAL_SCORE_PROXY,ACT_PROXY_METHOD,TUITION_SINGLE_RATE_USD,TUITION_IN_STATE_USD,TUITION_OUT_OF_STATE_USD,HOUSING_AND_FOOD_USD,BOOKS_AND_SUPPLIES_USD,TRANSPORTATION_USD,PERSONAL_OTHER_EXPENSES_USD,TOTAL_COST_SINGLE_RATE_USD,TOTAL_COST_IN_STATE_USD,TOTAL_COST_OUT_OF_STATE_USD,DIVERSITY_DENOMINATOR,AIAN_PERCENT,ASIAN_PERCENT,BLACK_PERCENT,HISPANIC_PERCENT,NHPI_PERCENT,WHITE_PERCENT,TWO_OR_MORE_PERCENT,UNKNOWN_PERCENT,NONRESIDENT_PERCENT,ADMISSION_FACTOR_RIGOR_SCORE,ADMISSION_FACTOR_CLASS_RANK_SCORE,ADMISSION_FACTOR_ACADEMIC_GPA_SCORE,ADMISSION_FACTOR_STANDARDIZED_TESTS_SCORE,ADMISSION_FACTOR_ESSAY_SCORE,ADMISSION_FACTOR_RECOMMENDATIONS_SCORE,ADMISSION_FACTOR_INTERVIEW_SCORE,ADMISSION_FACTOR_EXTRACURRICULARS_SCORE,ADMISSION_FACTOR_TALENT_ABILITY_SCORE,ADMISSION_FACTOR_CHARACTER_PERSONAL_SCORE,ADMISSION_FACTOR_FIRST_GENERATION_SCORE,ADMISSION_FACTOR_ALUMNI_RELATION_SCORE,ADMISSION_FACTOR_GEOGRAPHIC_RESIDENCE_SCORE,ADMISSION_FACTOR_STATE_RESIDENCY_SCORE,ADMISSION_FACTOR_RELIGIOUS_AFFILIATION_SCORE,ADMISSION_FACTOR_VOLUNTEER_WORK_SCORE,ADMISSION_FACTOR_WORK_EXPERIENCE_SCORE,ADMISSION_FACTOR_APPLICANT_INTEREST_SCORE,ACCEPTANCE_RATE_CDS_YEAR,GPA_CDS_YEAR,SAT_CDS_YEAR,ACT_CDS_YEAR,ADMISSION_FACTORS_CDS_YEAR,DIVERSITY_CDS_YEAR,COST_CDS_YEAR,PRIMARY_ADMISSIONS_SOURCE_URL,ADMISSION_FACTORS_SOURCE_URL,COST_SOURCE_URL,DIVERSITY_SOURCE_URL,SOURCE_TXT_FILE
1,Princeton University,4.4,3.96,NOT_SPECIFIED,1490,1530,1560,1530,CDS_MEDIAN_50TH,34,35,35,35,CDS_MEDIAN_50TH,62400,NA,NA,20250,1050,900,3000,87600,NA,NA,5916,0.152,24.611,7.843,9.5,0.051,30.984,7.201,6.406,13.252,4,4,4,4,4,4,2,4,4,4,2,2,2,1,1,2,2,1,2025-26,2025-26,2025-26,2025-26,2025-26,2025-26,2023-24_LAST_RETRIEVED_COMPLETE_G1_G5,https://www.collegedata.fyi/,https://www.collegedata.fyi/,https://www.collegedata.fyi/schools/princeton/2023-24,https://www.collegedata.fyi/,001_Princeton_University.txt
2,Massachusetts Institute of Technology,4.6,NA,NOT_SPECIFIED,1520,NA,1570,1545.0,MIDPOINT_OF_CDS_25TH_75TH_NOT_TRUE_AVERAGE,NA,NA,NA,NA,NA,NA,NA,NA,NA,NA,NA,NA,NA,NA,NA,NA,NA,NA,NA,NA,NA,NA,NA,NA,NA,3,2,3,3,3,3,3,3,3,4,2,1,2,1,1,2,2,1,LATEST_CDS_SNAPSHOT_AS_OF_2026-07-27,NA,LATEST_CDS_SNAPSHOT_AS_OF_2026-07-27,NA,2024-25,NA,NA,https://www.gradgpt.com/common-data-set,https://collegestatistics.org/,NA,NA,002_Massachusetts_Institute_of_Technology.txt
3,Harvard University,4.2,4.22,NOT_SPECIFIED,NA,NA,NA,NA,NA,33,35,35,35,CDS_MEDIAN_50TH,NA,NA,NA,NA,NA,NA,NA,NA,NA,NA,NA,NA,NA,NA,NA,NA,NA,NA,NA,NA,0,0,0,0,0,0,0,0,0,0,0,0,0,0,0,0,0,0,2025-26,2025-26,NA,2025-26,NA,NA,NA,https://www.collegedata.fyi/,NA,NA,NA,003_Harvard_University.txt
4,Stanford University,3.8,3.94,UNWEIGHTED,1520,1550,1570,1550,CDS_MEDIAN_50TH,34,35,36,35,CDS_MEDIAN_50TH,67731,NA,NA,22944,855,NA,5172,96702,NA,NA,7346,0.776,30.438,6.493,15.723,0.191,23.646,8.971,0.626,13.136,4,4,4,4,4,4,2,4,4,4,2,2,2,1,0,0,0,0,2025-26,2025-26,2025-26,2025-26,2025-26,GRADGPT_LATEST_CDS_SNAPSHOT,GRADGPT_LATEST_CDS_SNAPSHOT,https://www.collegedata.fyi/,https://www.collegedata.fyi/,https://www.gradgpt.com/common-data-set,https://www.gradgpt.com/common-data-set,004_Stanford_University.txt
4,Yale University,4.7,NA,NOT_REPORTED,1480,1540,1560,1540,CDS_MEDIAN_50TH,33,34,35,34,CDS_MEDIAN_50TH,72500,NA,NA,NA,NA,NA,NA,NA,NA,NA,NA,NA,NA,NA,NA,NA,NA,NA,NA,NA,4,4,4,2,4,4,2,4,4,4,2,2,2,2,1,2,2,1,2025-26,NA,2025-26,2025-26,2025-26,NA,2025-26,https://www.collegedata.fyi/,https://www.collegedata.fyi/,https://www.collegedata.fyi/,NA,004_Yale_University.txt
6,University of Chicago,4.5,4.97,WEIGHTED,1510,NA,1560,1535.0,MIDPOINT_OF_CDS_25TH_75TH_NOT_TRUE_AVERAGE,34,NA,35,34.5,MIDPOINT_OF_CDS_25TH_75TH_NOT_TRUE_AVERAGE,71325,NA,NA,20835,1800,450,1950,96360,NA,NA,7519,0.04,19.351,6.863,16.824,0.027,29.459,6.996,2.726,17.715,4,2,2,2,4,4,1,4,4,4,2,2,2,2,2,2,2,1,LATEST_CDS_SNAPSHOT_AS_OF_2026-07-27,LATEST_CDS_SNAPSHOT_AS_OF_2026-07-27,LATEST_CDS_SNAPSHOT_AS_OF_2026-07-27,LATEST_CDS_SNAPSHOT_AS_OF_2026-07-27,2024-25,GRADGPT_LATEST_CDS_SNAPSHOT,GRADGPT_LATEST_CDS_SNAPSHOT,https://www.gradgpt.com/common-data-set,https://collegestatistics.org/,https://www.gradgpt.com/common-data-set,https://www.gradgpt.com/common-data-set,006_University_of_Chicago.txt
7,Duke University,5.2,NA,NOT_SPECIFIED,1510,NA,1570,1540.0,MIDPOINT_OF_CDS_25TH_75TH_NOT_TRUE_AVERAGE,34,NA,35,34.5,MIDPOINT_OF_CDS_25TH_75TH_NOT_TRUE_AVERAGE,73740,NA,NA,20222,536,778,1637,99548,NA,NA,6525,0.107,22.759,8.414,11.648,0.061,32.828,5.946,6.927,11.31,4,3,4,2,2,4,2,4,4,4,2,2,2,2,1,2,2,2,LATEST_CDS_SNAPSHOT_AS_OF_2026-07-27,NA,LATEST_CDS_SNAPSHOT_AS_OF_2026-07-27,LATEST_CDS_SNAPSHOT_AS_OF_2026-07-27,2024-25,GRADGPT_LATEST_CDS_SNAPSHOT,GRADGPT_LATEST_CDS_SNAPSHOT,https://www.gradgpt.com/common-data-set,https://collegestatistics.org/,https://www.gradgpt.com/common-data-set,https://www.gradgpt.com/common-data-set,007_Duke_University.txt
7,Johns Hopkins University,6.1,3.93,NOT_SPECIFIED,1530,1550,1565,1550,CDS_MEDIAN_50TH,35,35,35,35,CDS_MEDIAN_50TH,68670,NA,NA,NA,1377,738,1606,NA,NA,NA,NA,NA,NA,NA,NA,NA,NA,NA,NA,NA,4,4,4,4,4,4,1,3,3,3,2,1,2,1,1,3,3,1,2025-26,2025-26,2025-26,2025-26,2025-26,NA,2025-26,https://www.collegedata.fyi/,https://www.collegedata.fyi/,https://www.collegedata.fyi/,NA,007_Johns_Hopkins_University.txt
7,Northwestern University,7.7,NA,NOT_SPECIFIED,1510,NA,1560,1535.0,MIDPOINT_OF_CDS_25TH_75TH_NOT_TRUE_AVERAGE,34,NA,35,34.5,MIDPOINT_OF_CDS_25TH_75TH_NOT_TRUE_AVERAGE,69375,NA,NA,21975,1539,NA,2079,94968,NA,NA,9060,0.155,21.325,8.311,15.706,0.055,30.243,7.903,4.514,11.788,4,4,4,2,4,4,2,4,4,4,2,2,2,1,1,2,2,2,LATEST_CDS_SNAPSHOT_AS_OF_2026-07-27,NA,LATEST_CDS_SNAPSHOT_AS_OF_2026-07-27,LATEST_CDS_SNAPSHOT_AS_OF_2026-07-27,2024-25,GRADGPT_LATEST_CDS_SNAPSHOT,GRADGPT_LATEST_CDS_SNAPSHOT,https://www.gradgpt.com/common-data-set,https://www.enrollment.northwestern.edu/data/common-data-set.html,https://www.gradgpt.com/common-data-set,https://www.gradgpt.com/common-data-set,007_Northwestern_University.txt
7,University of Pennsylvania,4.9,3.9,NOT_SPECIFIED,NA,NA,NA,NA,NA,34,35,35,35,CDS_MEDIAN_50TH,63204,NA,NA,19876,1412,1080,2008,87580,NA,NA,10013,0.15,29.602,8.749,11.615,0.02,25.796,5.363,5.453,13.253,4,3,4,2,4,4,0,3,3,4,2,2,2,2,1,3,3,1,2025-26,2025-26,NA,2025-26,2025-26,2024-25_PREVIOUS_COMPLETE_B2,2024-25_OR_PRIOR_LATEST_REPORTED_COST_TABLE,https://www.collegedata.fyi/,https://www.collegedata.fyi/,https://www.gradgpt.com/common-data-set,https://www.gradgpt.com/common-data-set,007_University_of_Pennsylvania.txt
11,California Institute of Technology,2.6,NA,NOT_SPECIFIED,NA,NA,NA,NA,NA,NA,NA,NA,NA,NA,NA,NA,NA,NA,NA,NA,NA,NA,NA,NA,NA,NA,NA,NA,NA,NA,NA,NA,NA,NA,4,3,3,4,4,4,1,3,2,4,2,1,2,1,1,2,2,1,LATEST_CDS_SNAPSHOT_AS_OF_2026-07-27,NA,NA,NA,2024-25,NA,NA,https://www.gradgpt.com/common-data-set,https://collegestatistics.org/,NA,NA,011_California_Institute_of_Technology.txt
12,Cornell University,8.4,NA,NOT_SPECIFIED,1490,NA,1550,1520.0,MIDPOINT_OF_CDS_25TH_75TH_NOT_TRUE_AVERAGE,NA,NA,NA,NA,NA,NA,NA,NA,NA,NA,NA,NA,NA,NA,NA,NA,NA,NA,NA,NA,NA,NA,NA,NA,NA,0,0,0,0,0,0,0,0,0,0,0,0,0,0,0,0,0,0,LATEST_CDS_SNAPSHOT_AS_OF_2026-07-27,NA,LATEST_CDS_SNAPSHOT_AS_OF_2026-07-27,NA,NA,NA,NA,https://www.gradgpt.com/common-data-set,NA,NA,NA,012_Cornell_University.txt
13,Brown University,6.3,NA,NOT_SPECIFIED,1470,NA,1550,1510.0,MIDPOINT_OF_CDS_25TH_75TH_NOT_TRUE_AVERAGE,NA,NA,NA,NA,NA,74568,NA,NA,19464,NA,NA,2878,NA,NA,NA,NA,NA,NA,NA,NA,NA,NA,NA,NA,NA,0,0,0,0,0,0,0,0,0,0,0,0,0,0,0,0,0,0,LATEST_CDS_SNAPSHOT_AS_OF_2026-07-27,NA,LATEST_CDS_SNAPSHOT_AS_OF_2026-07-27,NA,NA,NA,2025-26,https://www.gradgpt.com/common-data-set,NA,https://www.collegedata.fyi/,NA,013_Brown_University.txt
13,Dartmouth College,6,NA,NOT_SPECIFIED,1440,NA,1550,1495.0,MIDPOINT_OF_CDS_25TH_75TH_NOT_TRUE_AVERAGE,NA,NA,NA,NA,NA,NA,NA,NA,NA,NA,NA,NA,NA,NA,NA,NA,NA,NA,NA,NA,NA,NA,NA,NA,NA,0,0,0,0,0,0,0,0,0,0,0,0,0,0,0,0,0,0,LATEST_CDS_SNAPSHOT_AS_OF_2026-07-27,NA,LATEST_CDS_SNAPSHOT_AS_OF_2026-07-27,NA,NA,NA,NA,https://www.gradgpt.com/common-data-set,NA,NA,NA,013_Dartmouth_College.txt
15,Columbia University,3.9,NA,NOT_SPECIFIED,1510,NA,1560,1535.0,MIDPOINT_OF_CDS_25TH_75TH_NOT_TRUE_AVERAGE,NA,NA,NA,NA,NA,NA,NA,NA,NA,NA,NA,NA,NA,NA,NA,NA,NA,NA,NA,NA,NA,NA,NA,NA,NA,0,0,0,0,0,0,0,0,0,0,0,0,0,0,0,0,0,0,LATEST_CDS_SNAPSHOT_AS_OF_2026-07-27,NA,LATEST_CDS_SNAPSHOT_AS_OF_2026-07-27,NA,NA,NA,NA,https://www.gradgpt.com/common-data-set,NA,NA,NA,015_Columbia_University.txt
15,"University of California, Berkeley",11.4,NA,NOT_SPECIFIED,NA,NA,NA,NA,NA,NA,NA,NA,NA,NA,NA,NA,NA,NA,NA,NA,NA,NA,NA,NA,NA,NA,NA,NA,NA,NA,NA,NA,NA,NA,0,0,0,0,0,0,0,0,0,0,0,0,0,0,0,0,0,0,LATEST_CDS_SNAPSHOT_AS_OF_2026-07-27,NA,NA,NA,NA,NA,NA,https://www.gradgpt.com/common-data-set,NA,NA,NA,015_University_of_California_Berkeley.txt
17,Rice University,8,NA,NOT_SPECIFIED,1510,NA,1560,1535.0,MIDPOINT_OF_CDS_25TH_75TH_NOT_TRUE_AVERAGE,NA,NA,NA,NA,NA,NA,NA,NA,NA,NA,NA,NA,NA,NA,NA,NA,NA,NA,NA,NA,NA,NA,NA,NA,NA,0,0,0,0,0,0,0,0,0,0,0,0,0,0,0,0,0,0,LATEST_CDS_SNAPSHOT_AS_OF_2026-07-27,NA,LATEST_CDS_SNAPSHOT_AS_OF_2026-07-27,NA,NA,NA,NA,https://www.gradgpt.com/common-data-set,NA,NA,NA,017_Rice_University.txt
17,"University of California, Los Angeles",9,NA,NOT_SPECIFIED,NA,NA,NA,NA,NA,NA,NA,NA,NA,NA,NA,NA,NA,NA,NA,NA,NA,NA,NA,NA,NA,NA,NA,NA,NA,NA,NA,NA,NA,NA,0,0,0,0,0,0,0,0,0,0,0,0,0,0,0,0,0,0,LATEST_CDS_SNAPSHOT_AS_OF_2026-07-27,NA,NA,NA,NA,NA,NA,https://www.gradgpt.com/common-data-set,NA,NA,NA,017_University_of_California_Los_Angeles.txt
17,Vanderbilt University,5.4,NA,NOT_SPECIFIED,1510,NA,1560,1535.0,MIDPOINT_OF_CDS_25TH_75TH_NOT_TRUE_AVERAGE,NA,NA,NA,NA,NA,NA,NA,NA,NA,NA,NA,NA,NA,NA,NA,NA,NA,NA,NA,NA,NA,NA,NA,NA,NA,0,0,0,0,0,0,0,0,0,0,0,0,0,0,0,0,0,0,LATEST_CDS_SNAPSHOT_AS_OF_2026-07-27,NA,LATEST_CDS_SNAPSHOT_AS_OF_2026-07-27,NA,NA,NA,NA,https://www.gradgpt.com/common-data-set,NA,NA,NA,017_Vanderbilt_University.txt
20,Carnegie Mellon University,11.1,3.89,NOT_SPECIFIED,1500,1540,1560,1540,CDS_MEDIAN_50TH,34,35,36,35,CDS_MEDIAN_50TH,NA,NA,NA,NA,NA,NA,NA,NA,NA,NA,NA,NA,NA,NA,NA,NA,NA,NA,NA,NA,4,4,4,2,3,3,0,4,3,4,3,1,2,1,1,4,2,1,2025-26,2025-26,2025-26,2025-26,2025-26,NA,NA,https://www.collegedata.fyi/,https://www.collegedata.fyi/,NA,NA,020_Carnegie_Mellon_University.txt
20,"University of Michigan, Ann Arbor",16.4,NA,NOT_SPECIFIED,1370,NA,1530,1450.0,MIDPOINT_OF_CDS_25TH_75TH_NOT_TRUE_AVERAGE,NA,NA,NA,NA,NA,NA,NA,NA,NA,NA,NA,NA,NA,NA,NA,NA,NA,NA,NA,NA,NA,NA,NA,NA,NA,0,0,0,0,0,0,0,0,0,0,0,0,0,0,0,0,0,0,LATEST_CDS_SNAPSHOT_AS_OF_2026-07-27,NA,LATEST_CDS_SNAPSHOT_AS_OF_2026-07-27,NA,NA,NA,NA,https://www.gradgpt.com/common-data-set,NA,NA,NA,020_University_of_Michigan_Ann_Arbor.txt
20,University of Notre Dame,9.4,NA,NOT_SPECIFIED,1460,NA,1540,1500.0,MIDPOINT_OF_CDS_25TH_75TH_NOT_TRUE_AVERAGE,NA,NA,NA,NA,NA,NA,NA,NA,NA,NA,NA,NA,NA,NA,NA,NA,NA,NA,NA,NA,NA,NA,NA,NA,NA,0,0,0,0,0,0,0,0,0,0,0,0,0,0,0,0,0,0,LATEST_CDS_SNAPSHOT_AS_OF_2026-07-27,NA,LATEST_CDS_SNAPSHOT_AS_OF_2026-07-27,NA,NA,NA,NA,https://www.gradgpt.com/common-data-set,NA,NA,NA,020_University_of_Notre_Dame.txt
20,Washington University in St. Louis,11.9,NA,NOT_SPECIFIED,1500,NA,1550,1525.0,MIDPOINT_OF_CDS_25TH_75TH_NOT_TRUE_AVERAGE,NA,NA,NA,NA,NA,NA,NA,NA,NA,NA,NA,NA,NA,NA,NA,NA,NA,NA,NA,NA,NA,NA,NA,NA,NA,4,4,4,4,4,4,2,3,4,4,3,2,2,1,1,3,3,1,LATEST_CDS_SNAPSHOT_AS_OF_2026-07-27,NA,LATEST_CDS_SNAPSHOT_AS_OF_2026-07-27,NA,2022-23,NA,NA,https://www.gradgpt.com/common-data-set,https://collegestatistics.org/,NA,NA,020_Washington_University_in_St_Louis.txt
24,Emory University,10.3,NA,NOT_SPECIFIED,1480,NA,1540,1510.0,MIDPOINT_OF_CDS_25TH_75TH_NOT_TRUE_AVERAGE,NA,NA,NA,NA,NA,NA,NA,NA,NA,NA,NA,NA,NA,NA,NA,NA,NA,NA,NA,NA,NA,NA,NA,NA,NA,0,0,0,0,0,0,0,0,0,0,0,0,0,0,0,0,0,0,LATEST_CDS_SNAPSHOT_AS_OF_2026-07-27,NA,LATEST_CDS_SNAPSHOT_AS_OF_2026-07-27,NA,NA,NA,NA,https://www.gradgpt.com/common-data-set,NA,NA,NA,024_Emory_University.txt
24,Georgetown University,NA,NA,NA,NA,NA,NA,NA,NA,NA,NA,NA,NA,NA,NA,NA,NA,NA,NA,NA,NA,NA,NA,NA,NA,NA,NA,NA,NA,NA,NA,NA,NA,NA,0,0,0,0,0,0,0,0,0,0,0,0,0,0,0,0,0,0,NA,NA,NA,NA,NA,NA,NA,NA,NA,NA,NA,024_Georgetown_University.txt
26,University of North Carolina at Chapel Hill,16.7,NA,NOT_SPECIFIED,1400,NA,1530,1465.0,MIDPOINT_OF_CDS_25TH_75TH_NOT_TRUE_AVERAGE,NA,NA,NA,NA,NA,NA,NA,NA,NA,NA,NA,NA,NA,NA,NA,NA,NA,NA,NA,NA,NA,NA,NA,NA,NA,0,0,0,0,0,0,0,0,0,0,0,0,0,0,0,0,0,0,LATEST_CDS_SNAPSHOT_AS_OF_2026-07-27,NA,LATEST_CDS_SNAPSHOT_AS_OF_2026-07-27,NA,NA,NA,NA,https://www.gradgpt.com/common-data-set,NA,NA,NA,026_University_of_North_Carolina_at_Chapel_Hill.txt
26,University of Virginia,15.6,NA,NOT_SPECIFIED,1410,NA,1510,1460.0,MIDPOINT_OF_CDS_25TH_75TH_NOT_TRUE_AVERAGE,NA,NA,NA,NA,NA,NA,NA,NA,NA,NA,NA,NA,NA,NA,NA,NA,NA,NA,NA,NA,NA,NA,NA,NA,NA,0,0,0,0,0,0,0,0,0,0,0,0,0,0,0,0,0,0,LATEST_CDS_SNAPSHOT_AS_OF_2026-07-27,NA,LATEST_CDS_SNAPSHOT_AS_OF_2026-07-27,NA,NA,NA,NA,https://www.gradgpt.com/common-data-set,NA,NA,NA,026_University_of_Virginia.txt
28,University of Southern California,11.2,NA,NOT_SPECIFIED,1470,NA,1540,1505.0,MIDPOINT_OF_CDS_25TH_75TH_NOT_TRUE_AVERAGE,NA,NA,NA,NA,NA,NA,NA,NA,NA,NA,NA,NA,NA,NA,NA,NA,NA,NA,NA,NA,NA,NA,NA,NA,NA,0,0,0,0,0,0,0,0,0,0,0,0,0,0,0,0,0,0,LATEST_CDS_SNAPSHOT_AS_OF_2026-07-27,NA,LATEST_CDS_SNAPSHOT_AS_OF_2026-07-27,NA,NA,NA,NA,https://www.gradgpt.com/common-data-set,NA,NA,NA,028_University_of_Southern_California.txt
29,"University of California, San Diego",28.6,NA,NOT_SPECIFIED,NA,NA,NA,NA,NA,NA,NA,NA,NA,NA,NA,NA,NA,NA,NA,NA,NA,NA,NA,NA,NA,NA,NA,NA,NA,NA,NA,NA,NA,NA,0,0,0,0,0,0,0,0,0,0,0,0,0,0,0,0,0,0,LATEST_CDS_SNAPSHOT_AS_OF_2026-07-27,NA,NA,NA,NA,NA,NA,https://www.gradgpt.com/common-data-set,NA,NA,NA,029_University_of_California_San_Diego.txt
30,University of Florida,23.3,NA,NOT_SPECIFIED,1330,NA,1470,1400.0,MIDPOINT_OF_CDS_25TH_75TH_NOT_TRUE_AVERAGE,NA,NA,NA,NA,NA,NA,NA,NA,NA,NA,NA,NA,NA,NA,NA,NA,NA,NA,NA,NA,NA,NA,NA,NA,NA,0,0,0,0,0,0,0,0,0,0,0,0,0,0,0,0,0,0,LATEST_CDS_SNAPSHOT_AS_OF_2026-07-27,NA,LATEST_CDS_SNAPSHOT_AS_OF_2026-07-27,NA,NA,NA,NA,https://www.gradgpt.com/common-data-set,NA,NA,NA,030_University_of_Florida.txt
30,University of Texas at Austin,22.2,NA,NOT_SPECIFIED,NA,NA,NA,NA,NA,NA,NA,NA,NA,NA,NA,NA,NA,NA,NA,NA,NA,NA,NA,NA,NA,NA,NA,NA,NA,NA,NA,NA,NA,NA,0,0,0,0,0,0,0,0,0,0,0,0,0,0,0,0,0,0,LATEST_CDS_SNAPSHOT_AS_OF_2026-07-27,NA,NA,NA,NA,NA,NA,https://www.gradgpt.com/common-data-set,NA,NA,NA,030_University_of_Texas_at_Austin.txt
32,Georgia Institute of Technology,13.3,NA,NOT_SPECIFIED,1370,NA,1530,1450.0,MIDPOINT_OF_CDS_25TH_75TH_NOT_TRUE_AVERAGE,NA,NA,NA,NA,NA,NA,NA,NA,NA,NA,NA,NA,NA,NA,NA,NA,NA,NA,NA,NA,NA,NA,NA,NA,NA,0,0,0,0,0,0,0,0,0,0,0,0,0,0,0,0,0,0,LATEST_CDS_SNAPSHOT_AS_OF_2026-07-27,NA,LATEST_CDS_SNAPSHOT_AS_OF_2026-07-27,NA,NA,NA,NA,https://www.gradgpt.com/common-data-set,NA,NA,NA,032_Georgia_Institute_of_Technology.txt
32,New York University,9.1,NA,NOT_SPECIFIED,1480,NA,1550,1515.0,MIDPOINT_OF_CDS_25TH_75TH_NOT_TRUE_AVERAGE,NA,NA,NA,NA,NA,NA,NA,NA,NA,NA,NA,NA,NA,NA,NA,NA,NA,NA,NA,NA,NA,NA,NA,NA,NA,0,0,0,0,0,0,0,0,0,0,0,0,0,0,0,0,0,0,LATEST_CDS_SNAPSHOT_AS_OF_2026-07-27,NA,LATEST_CDS_SNAPSHOT_AS_OF_2026-07-27,NA,NA,NA,NA,https://www.gradgpt.com/common-data-set,NA,NA,NA,032_New_York_University.txt
32,"University of California, Davis",44.4,NA,NOT_SPECIFIED,NA,NA,NA,NA,NA,NA,NA,NA,NA,NA,NA,NA,NA,NA,NA,NA,NA,NA,NA,NA,NA,NA,NA,NA,NA,NA,NA,NA,NA,NA,0,0,0,0,0,0,0,0,0,0,0,0,0,0,0,0,0,0,LATEST_CDS_SNAPSHOT_AS_OF_2026-07-27,NA,NA,NA,NA,NA,NA,https://www.gradgpt.com/common-data-set,NA,NA,NA,032_University_of_California_Davis.txt
32,"University of California, Irvine",28.8,NA,NOT_SPECIFIED,NA,NA,NA,NA,NA,NA,NA,NA,NA,NA,NA,NA,NA,NA,NA,NA,NA,NA,NA,NA,NA,NA,NA,NA,NA,NA,NA,NA,NA,NA,0,0,0,0,0,0,0,0,0,0,0,0,0,0,0,0,0,0,LATEST_CDS_SNAPSHOT_AS_OF_2026-07-27,NA,NA,NA,NA,NA,NA,https://www.gradgpt.com/common-data-set,NA,NA,NA,032_University_of_California_Irvine.txt
36,Boston College,16.2,NA,NOT_SPECIFIED,1460,NA,1520,1490.0,MIDPOINT_OF_CDS_25TH_75TH_NOT_TRUE_AVERAGE,33,34,35,34,CDS_MEDIAN_50TH,72180,NA,NA,19290,1250,NA,2000,94720,NA,NA,9654,0.041,11.394,4.972,12.544,0.073,57.562,5.21,1.585,6.619,4,3,4,3,3,3,1,3,3,3,2,2,2,1,2,3,2,1,LATEST_CDS_SNAPSHOT_AS_OF_2026-07-27,NA,LATEST_CDS_SNAPSHOT_AS_OF_2026-07-27,LATEST_CDS_SNAPSHOT_AS_OF_2026-07-27,2024-25,GRADGPT_LATEST_CDS_SNAPSHOT,GRADGPT_LATEST_CDS_SNAPSHOT,https://www.gradgpt.com/common-data-set,https://collegestatistics.org/,https://www.gradgpt.com/common-data-set,https://www.gradgpt.com/common-data-set,036_Boston_College.txt
36,Tufts University,10.8,NA,NOT_SPECIFIED,1460,NA,1520,1490.0,MIDPOINT_OF_CDS_25TH_75TH_NOT_TRUE_AVERAGE,NA,NA,NA,NA,NA,NA,NA,NA,NA,NA,NA,NA,NA,NA,NA,NA,NA,NA,NA,NA,NA,NA,NA,NA,NA,0,0,0,0,0,0,0,0,0,0,0,0,0,0,0,0,0,0,LATEST_CDS_SNAPSHOT_AS_OF_2026-07-27,NA,LATEST_CDS_SNAPSHOT_AS_OF_2026-07-27,NA,NA,NA,NA,https://www.gradgpt.com/common-data-set,NA,NA,NA,036_Tufts_University.txt
36,University of Illinois Urbana-Champaign,36.6,NA,NOT_SPECIFIED,1390,NA,1520,1455.0,MIDPOINT_OF_CDS_25TH_75TH_NOT_TRUE_AVERAGE,NA,NA,NA,NA,NA,NA,NA,NA,NA,NA,NA,NA,NA,NA,NA,NA,NA,NA,NA,NA,NA,NA,NA,NA,NA,4,1,4,2,3,1,1,3,3,3,3,1,2,2,1,2,2,1,LATEST_CDS_SNAPSHOT_AS_OF_2026-07-27,NA,LATEST_CDS_SNAPSHOT_AS_OF_2026-07-27,NA,2024-25,NA,NA,https://www.gradgpt.com/common-data-set,https://collegestatistics.org/,NA,NA,036_University_of_Illinois_Urbana_Champaign.txt
36,University of Wisconsin-Madison,40.8,NA,NOT_SPECIFIED,1400,NA,1490,1445.0,MIDPOINT_OF_CDS_25TH_75TH_NOT_TRUE_AVERAGE,NA,NA,NA,NA,NA,NA,NA,NA,NA,NA,NA,NA,NA,NA,NA,NA,NA,NA,NA,NA,NA,NA,NA,NA,NA,0,0,0,0,0,0,0,0,0,0,0,0,0,0,0,0,0,0,LATEST_CDS_SNAPSHOT_AS_OF_2026-07-27,NA,LATEST_CDS_SNAPSHOT_AS_OF_2026-07-27,NA,NA,NA,NA,https://www.gradgpt.com/common-data-set,NA,NA,NA,036_University_of_Wisconsin_Madison.txt
40,"University of California, Santa Barbara",38.2,NA,NOT_SPECIFIED,NA,NA,NA,NA,NA,NA,NA,NA,NA,NA,NA,NA,NA,NA,NA,NA,NA,NA,NA,NA,NA,NA,NA,NA,NA,NA,NA,NA,NA,NA,0,0,0,0,0,0,0,0,0,0,0,0,0,0,0,0,0,0,LATEST_CDS_SNAPSHOT_AS_OF_2026-07-27,NA,NA,NA,NA,NA,NA,https://www.gradgpt.com/common-data-set,NA,NA,NA,040_University_of_California_Santa_Barbara.txt
41,Ohio State University,60.6,NA,NOT_SPECIFIED,1280,NA,1430,1355.0,MIDPOINT_OF_CDS_25TH_75TH_NOT_TRUE_AVERAGE,NA,NA,NA,NA,NA,NA,NA,NA,NA,NA,NA,NA,NA,NA,NA,NA,NA,NA,NA,NA,NA,NA,NA,NA,NA,0,0,0,0,0,0,0,0,0,0,0,0,0,0,0,0,0,0,LATEST_CDS_SNAPSHOT_AS_OF_2026-07-27,NA,LATEST_CDS_SNAPSHOT_AS_OF_2026-07-27,NA,NA,NA,NA,https://www.gradgpt.com/common-data-set,NA,NA,NA,041_Ohio_State_University.txt
42,Boston University,12.8,3.86,UNWEIGHTED,1420,NA,1510,1465.0,MIDPOINT_OF_CDS_25TH_75TH_NOT_TRUE_AVERAGE,33,34,34,34,CDS_MEDIAN_50TH,69870,NA,NA,19970,1000,630,1455,92925,NA,NA,17628,0.051,21.301,5.786,12.287,0.057,30.378,5.23,4.385,20.524,4,3,4,2,3,3,1,3,1,3,2,1,2,2,1,2,2,2,LATEST_CDS_SNAPSHOT_AS_OF_2026-07-27,LATEST_CDS_SNAPSHOT_AS_OF_2026-07-27,LATEST_CDS_SNAPSHOT_AS_OF_2026-07-27,LATEST_CDS_SNAPSHOT_AS_OF_2026-07-27,2024-25,GRADGPT_LATEST_CDS_SNAPSHOT,GRADGPT_LATEST_CDS_SNAPSHOT,https://www.gradgpt.com/common-data-set,https://collegestatistics.org/,https://www.gradgpt.com/common-data-set,https://www.gradgpt.com/common-data-set,042_Boston_University.txt
42,Rutgers University-New Brunswick,65.3,NA,NOT_SPECIFIED,1270,NA,1480,1375.0,MIDPOINT_OF_CDS_25TH_75TH_NOT_TRUE_AVERAGE,NA,NA,NA,NA,NA,NA,NA,NA,NA,NA,NA,NA,NA,NA,NA,NA,NA,NA,NA,NA,NA,NA,NA,NA,NA,0,0,0,0,0,0,0,0,0,0,0,0,0,0,0,0,0,0,LATEST_CDS_SNAPSHOT_AS_OF_2026-07-27,NA,LATEST_CDS_SNAPSHOT_AS_OF_2026-07-27,NA,NA,NA,NA,https://www.gradgpt.com/common-data-set,NA,NA,NA,042_Rutgers_University_New_Brunswick.txt
42,"University of Maryland, College Park",45,NA,NOT_SPECIFIED,1410,NA,1520,1465.0,MIDPOINT_OF_CDS_25TH_75TH_NOT_TRUE_AVERAGE,NA,NA,NA,NA,NA,NA,NA,NA,NA,NA,NA,NA,NA,NA,NA,NA,NA,NA,NA,NA,NA,NA,NA,NA,NA,0,0,0,0,0,0,0,0,0,0,0,0,0,0,0,0,0,0,LATEST_CDS_SNAPSHOT_AS_OF_2026-07-27,NA,LATEST_CDS_SNAPSHOT_AS_OF_2026-07-27,NA,NA,NA,NA,https://www.gradgpt.com/common-data-set,NA,NA,NA,042_University_of_Maryland_College_Park.txt
42,University of Washington,41.7,NA,NOT_SPECIFIED,1320,NA,1502,1411.0,MIDPOINT_OF_CDS_25TH_75TH_NOT_TRUE_AVERAGE,NA,NA,NA,NA,NA,NA,NA,NA,NA,NA,NA,NA,NA,NA,NA,NA,NA,NA,NA,NA,NA,NA,NA,NA,NA,0,0,0,0,0,0,0,0,0,0,0,0,0,0,0,0,0,0,LATEST_CDS_SNAPSHOT_AS_OF_2026-07-27,NA,LATEST_CDS_SNAPSHOT_AS_OF_2026-07-27,NA,NA,NA,NA,https://www.gradgpt.com/common-data-set,NA,NA,NA,042_University_of_Washington.txt
46,Lehigh University,NA,NA,NA,NA,NA,NA,NA,NA,NA,NA,NA,NA,NA,NA,NA,NA,NA,NA,NA,NA,NA,NA,NA,NA,NA,NA,NA,NA,NA,NA,NA,NA,NA,0,0,0,0,0,0,0,0,0,0,0,0,0,0,0,0,0,0,NA,NA,NA,NA,NA,NA,NA,NA,NA,NA,NA,046_Lehigh_University.txt
46,Northeastern University,NA,NA,NA,NA,NA,NA,NA,NA,NA,NA,NA,NA,NA,NA,NA,NA,NA,NA,NA,NA,NA,NA,NA,NA,NA,NA,NA,NA,NA,NA,NA,NA,NA,0,0,0,0,0,0,0,0,0,0,0,0,0,0,0,0,0,0,NA,NA,NA,NA,NA,NA,NA,NA,NA,NA,NA,046_Northeastern_University.txt
46,Purdue University,43.4,NA,NOT_SPECIFIED,1220,NA,1470,1345.0,MIDPOINT_OF_CDS_25TH_75TH_NOT_TRUE_AVERAGE,NA,NA,NA,NA,NA,NA,NA,NA,NA,NA,NA,NA,NA,NA,NA,NA,NA,NA,NA,NA,NA,NA,NA,NA,NA,0,0,0,0,0,0,0,0,0,0,0,0,0,0,0,0,0,0,LATEST_CDS_SNAPSHOT_AS_OF_2026-07-27,NA,LATEST_CDS_SNAPSHOT_AS_OF_2026-07-27,NA,NA,NA,NA,https://www.gradgpt.com/common-data-set,NA,NA,NA,046_Purdue_University.txt
46,University of Georgia,34.3,NA,NOT_SPECIFIED,1250,NA,1420,1335.0,MIDPOINT_OF_CDS_25TH_75TH_NOT_TRUE_AVERAGE,NA,NA,NA,NA,NA,NA,NA,NA,NA,NA,NA,NA,NA,NA,NA,NA,NA,NA,NA,NA,NA,NA,NA,NA,NA,0,0,0,0,0,0,0,0,0,0,0,0,0,0,0,0,0,0,LATEST_CDS_SNAPSHOT_AS_OF_2026-07-27,NA,LATEST_CDS_SNAPSHOT_AS_OF_2026-07-27,NA,NA,NA,NA,https://www.gradgpt.com/common-data-set,NA,NA,NA,046_University_of_Georgia.txt
46,University of Rochester,41.9,NA,NOT_SPECIFIED,1400,NA,1510,1455.0,MIDPOINT_OF_CDS_25TH_75TH_NOT_TRUE_AVERAGE,NA,NA,NA,NA,NA,NA,NA,NA,NA,NA,NA,NA,NA,NA,NA,NA,NA,NA,NA,NA,NA,NA,NA,NA,NA,0,0,0,0,0,0,0,0,0,0,0,0,0,0,0,0,0,0,LATEST_CDS_SNAPSHOT_AS_OF_2026-07-27,NA,LATEST_CDS_SNAPSHOT_AS_OF_2026-07-27,NA,NA,NA,NA,https://www.gradgpt.com/common-data-set,NA,NA,NA,046_University_of_Rochester.txt
51,Case Western Reserve University,35.3,NA,NOT_SPECIFIED,1440,NA,1530,1485.0,MIDPOINT_OF_CDS_25TH_75TH_NOT_TRUE_AVERAGE,NA,NA,NA,NA,NA,NA,NA,NA,NA,NA,NA,NA,NA,NA,NA,NA,NA,NA,NA,NA,NA,NA,NA,NA,NA,0,0,0,0,0,0,0,0,0,0,0,0,0,0,0,0,0,0,LATEST_CDS_SNAPSHOT_AS_OF_2026-07-27,NA,LATEST_CDS_SNAPSHOT_AS_OF_2026-07-27,NA,NA,NA,NA,https://www.gradgpt.com/common-data-set,NA,NA,NA,051_Case_Western_Reserve_University.txt
51,Florida State University,23.8,NA,NOT_SPECIFIED,1300,NA,1410,1355.0,MIDPOINT_OF_CDS_25TH_75TH_NOT_TRUE_AVERAGE,NA,NA,NA,NA,NA,NA,NA,NA,NA,NA,NA,NA,NA,NA,NA,NA,NA,NA,NA,NA,NA,NA,NA,NA,NA,0,0,0,0,0,0,0,0,0,0,0,0,0,0,0,0,0,0,LATEST_CDS_SNAPSHOT_AS_OF_2026-07-27,NA,LATEST_CDS_SNAPSHOT_AS_OF_2026-07-27,NA,NA,NA,NA,https://www.gradgpt.com/common-data-set,NA,NA,NA,051_Florida_State_University.txt
51,Texas A&M University,51.7,NA,NOT_SPECIFIED,1160,NA,1390,1275.0,MIDPOINT_OF_CDS_25TH_75TH_NOT_TRUE_AVERAGE,NA,NA,NA,NA,NA,NA,NA,NA,NA,NA,NA,NA,NA,NA,NA,NA,NA,NA,NA,NA,NA,NA,NA,NA,NA,0,0,0,0,0,0,0,0,0,0,0,0,0,0,0,0,0,0,LATEST_CDS_SNAPSHOT_AS_OF_2026-07-27,NA,LATEST_CDS_SNAPSHOT_AS_OF_2026-07-27,NA,NA,NA,NA,https://www.gradgpt.com/common-data-set,NA,NA,NA,051_Texas_A_M_University.txt
51,Virginia Tech,54.6,NA,NOT_SPECIFIED,1280,NA,1450,1365.0,MIDPOINT_OF_CDS_25TH_75TH_NOT_TRUE_AVERAGE,NA,NA,NA,NA,NA,NA,NA,NA,NA,NA,NA,NA,NA,NA,NA,NA,NA,NA,NA,NA,NA,NA,NA,NA,NA,0,0,0,0,0,0,0,0,0,0,0,0,0,0,0,0,0,0,LATEST_CDS_SNAPSHOT_AS_OF_2026-07-27,NA,LATEST_CDS_SNAPSHOT_AS_OF_2026-07-27,NA,NA,NA,NA,https://www.gradgpt.com/common-data-set,NA,NA,NA,051_Virginia_Tech.txt
51,Wake Forest University,NA,NA,NA,NA,NA,NA,NA,NA,NA,NA,NA,NA,NA,NA,NA,NA,NA,NA,NA,NA,NA,NA,NA,NA,NA,NA,NA,NA,NA,NA,NA,NA,NA,0,0,0,0,0,0,0,0,0,0,0,0,0,0,0,0,0,0,NA,NA,NA,NA,NA,NA,NA,NA,NA,NA,NA,051_Wake_Forest_University.txt
51,William & Mary,NA,NA,NA,NA,NA,NA,NA,NA,NA,NA,NA,NA,NA,NA,NA,NA,NA,NA,NA,NA,NA,NA,NA,NA,NA,NA,NA,NA,NA,NA,NA,NA,NA,0,0,0,0,0,0,0,0,0,0,0,0,0,0,0,0,0,0,NA,NA,NA,NA,NA,NA,NA,NA,NA,NA,NA,051_William_Mary.txt
57,"University of California, Merced",NA,NA,NA,NA,NA,NA,NA,NA,NA,NA,NA,NA,NA,NA,NA,NA,NA,NA,NA,NA,NA,NA,NA,NA,NA,NA,NA,NA,NA,NA,NA,NA,NA,0,0,0,0,0,0,0,0,0,0,0,0,0,0,0,0,0,0,NA,NA,NA,NA,NA,NA,NA,NA,NA,NA,NA,057_University_of_California_Merced.txt
57,Villanova University,NA,NA,NA,NA,NA,NA,NA,NA,NA,NA,NA,NA,NA,NA,NA,NA,NA,NA,NA,NA,NA,NA,NA,NA,NA,NA,NA,NA,NA,NA,NA,NA,NA,0,0,0,0,0,0,0,0,0,0,0,0,0,0,0,0,0,0,NA,NA,NA,NA,NA,NA,NA,NA,NA,NA,NA,057_Villanova_University.txt
59,George Washington University,47.1,NA,NOT_SPECIFIED,1310,NA,1450,1380.0,MIDPOINT_OF_CDS_25TH_75TH_NOT_TRUE_AVERAGE,NA,NA,NA,NA,NA,NA,NA,NA,NA,NA,NA,NA,NA,NA,NA,NA,NA,NA,NA,NA,NA,NA,NA,NA,NA,0,0,0,0,0,0,0,0,0,0,0,0,0,0,0,0,0,0,LATEST_CDS_SNAPSHOT_AS_OF_2026-07-27,NA,LATEST_CDS_SNAPSHOT_AS_OF_2026-07-27,NA,NA,NA,NA,https://www.gradgpt.com/common-data-set,NA,NA,NA,059_George_Washington_University.txt
59,Pennsylvania State University,55.3,3.67,UNWEIGHTED,1280,NA,1410,1345.0,MIDPOINT_OF_CDS_25TH_75TH_NOT_TRUE_AVERAGE,28,30,32,30,CDS_MEDIAN_50TH,NA,20878,44574,15968,1290,2244,3112,NA,44132,67828,42479,0.132,7.672,4.492,9.242,0.066,62.546,4.134,2.408,9.308,0,0,0,0,0,0,0,0,0,0,0,0,0,0,0,0,0,0,LATEST_CDS_SNAPSHOT_AS_OF_2026-07-27,LATEST_CDS_SNAPSHOT_AS_OF_2026-07-27,LATEST_CDS_SNAPSHOT_AS_OF_2026-07-27,LATEST_CDS_SNAPSHOT_AS_OF_2026-07-27,NA,GRADGPT_LATEST_CDS_SNAPSHOT,GRADGPT_LATEST_CDS_SNAPSHOT,https://www.gradgpt.com/common-data-set,NA,https://www.gradgpt.com/common-data-set,https://www.gradgpt.com/common-data-set,059_Pennsylvania_State_University.txt
59,Santa Clara University,NA,NA,NA,NA,NA,NA,NA,NA,NA,NA,NA,NA,NA,NA,NA,NA,NA,NA,NA,NA,NA,NA,NA,NA,NA,NA,NA,NA,NA,NA,NA,NA,NA,0,0,0,0,0,0,0,0,0,0,0,0,0,0,0,0,0,0,NA,NA,NA,NA,NA,NA,NA,NA,NA,NA,NA,059_Santa_Clara_University.txt
59,Stony Brook University,48.2,NA,NOT_SPECIFIED,1350,NA,1470,1410.0,MIDPOINT_OF_CDS_25TH_75TH_NOT_TRUE_AVERAGE,NA,NA,NA,NA,NA,NA,NA,NA,NA,NA,NA,NA,NA,NA,NA,NA,NA,NA,NA,NA,NA,NA,NA,NA,NA,0,0,0,0,0,0,0,0,0,0,0,0,0,0,0,0,0,0,LATEST_CDS_SNAPSHOT_AS_OF_2026-07-27,NA,LATEST_CDS_SNAPSHOT_AS_OF_2026-07-27,NA,NA,NA,NA,https://www.gradgpt.com/common-data-set,NA,NA,NA,059_Stony_Brook_University.txt
59,University of Minnesota Twin Cities,78.9,NA,NOT_SPECIFIED,1310,NA,1460,1385.0,MIDPOINT_OF_CDS_25TH_75TH_NOT_TRUE_AVERAGE,NA,NA,NA,NA,NA,NA,NA,NA,NA,NA,NA,NA,NA,NA,NA,NA,NA,NA,NA,NA,NA,NA,NA,NA,NA,0,0,0,0,0,0,0,0,0,0,0,0,0,0,0,0,0,0,LATEST_CDS_SNAPSHOT_AS_OF_2026-07-27,NA,LATEST_CDS_SNAPSHOT_AS_OF_2026-07-27,NA,NA,NA,NA,https://www.gradgpt.com/common-data-set,NA,NA,NA,059_University_of_Minnesota_Twin_Cities.txt
64,Michigan State University,83.2,NA,NOT_SPECIFIED,1100,NA,1310,1205.0,MIDPOINT_OF_CDS_25TH_75TH_NOT_TRUE_AVERAGE,NA,NA,NA,NA,NA,NA,NA,NA,NA,NA,NA,NA,NA,NA,NA,NA,NA,NA,NA,NA,NA,NA,NA,NA,NA,0,0,0,0,0,0,0,0,0,0,0,0,0,0,0,0,0,0,LATEST_CDS_SNAPSHOT_AS_OF_2026-07-27,NA,LATEST_CDS_SNAPSHOT_AS_OF_2026-07-27,NA,NA,NA,NA,https://www.gradgpt.com/common-data-set,NA,NA,NA,064_Michigan_State_University.txt
64,North Carolina State University,39.5,NA,NOT_SPECIFIED,1310,NA,1440,1375.0,MIDPOINT_OF_CDS_25TH_75TH_NOT_TRUE_AVERAGE,NA,NA,NA,NA,NA,NA,NA,NA,NA,NA,NA,NA,NA,NA,NA,NA,NA,NA,NA,NA,NA,NA,NA,NA,NA,0,0,0,0,0,0,0,0,0,0,0,0,0,0,0,0,0,0,LATEST_CDS_SNAPSHOT_AS_OF_2026-07-27,NA,LATEST_CDS_SNAPSHOT_AS_OF_2026-07-27,NA,NA,NA,NA,https://www.gradgpt.com/common-data-set,NA,NA,NA,064_North_Carolina_State_University.txt
64,Rensselaer Polytechnic Institute,NA,NA,NA,NA,NA,NA,NA,NA,NA,NA,NA,NA,NA,NA,NA,NA,NA,NA,NA,NA,NA,NA,NA,NA,NA,NA,NA,NA,NA,NA,NA,NA,NA,0,0,0,0,0,0,0,0,0,0,0,0,0,0,0,0,0,0,NA,NA,NA,NA,NA,NA,NA,NA,NA,NA,NA,064_Rensselaer_Polytechnic_Institute.txt
64,University of Massachusetts Amherst,58,NA,NOT_SPECIFIED,1310,NA,1460,1385.0,MIDPOINT_OF_CDS_25TH_75TH_NOT_TRUE_AVERAGE,NA,NA,NA,NA,NA,NA,NA,NA,NA,NA,NA,NA,NA,NA,NA,NA,NA,NA,NA,NA,NA,NA,NA,NA,NA,0,0,0,0,0,0,0,0,0,0,0,0,0,0,0,0,0,0,LATEST_CDS_SNAPSHOT_AS_OF_2026-07-27,NA,LATEST_CDS_SNAPSHOT_AS_OF_2026-07-27,NA,NA,NA,NA,https://www.gradgpt.com/common-data-set,NA,NA,NA,064_University_of_Massachusetts_Amherst.txt
64,University of Miami,17.6,NA,NOT_SPECIFIED,1350,NA,1450,1400.0,MIDPOINT_OF_CDS_25TH_75TH_NOT_TRUE_AVERAGE,NA,NA,NA,NA,NA,NA,NA,NA,NA,NA,NA,NA,NA,NA,NA,NA,NA,NA,NA,NA,NA,NA,NA,NA,NA,0,0,0,0,0,0,0,0,0,0,0,0,0,0,0,0,0,0,LATEST_CDS_SNAPSHOT_AS_OF_2026-07-27,NA,LATEST_CDS_SNAPSHOT_AS_OF_2026-07-27,NA,NA,NA,NA,https://www.gradgpt.com/common-data-set,NA,NA,NA,064_University_of_Miami.txt
69,Brandeis University,NA,NA,NA,NA,NA,NA,NA,NA,NA,NA,NA,NA,NA,NA,NA,NA,NA,NA,NA,NA,NA,NA,NA,NA,NA,NA,NA,NA,NA,NA,NA,NA,NA,0,0,0,0,0,0,0,0,0,0,0,0,0,0,0,0,0,0,NA,NA,NA,NA,NA,NA,NA,NA,NA,NA,NA,069_Brandeis_University.txt
69,Tulane University,NA,NA,NOT_SPECIFIED,NA,NA,NA,NA,NA,NA,NA,NA,NA,NA,NA,NA,NA,NA,NA,NA,NA,NA,NA,NA,NA,NA,NA,NA,NA,NA,NA,NA,NA,NA,0,0,0,0,0,0,0,0,0,0,0,0,0,0,0,0,0,0,LATEST_CDS_SNAPSHOT_AS_OF_2026-07-27,NA,NA,NA,NA,NA,NA,https://www.gradgpt.com/common-data-set,NA,NA,NA,069_Tulane_University.txt
69,University of Connecticut,54.4,NA,NOT_SPECIFIED,1260,NA,1420,1340.0,MIDPOINT_OF_CDS_25TH_75TH_NOT_TRUE_AVERAGE,NA,NA,NA,NA,NA,NA,NA,NA,NA,NA,NA,NA,NA,NA,NA,NA,NA,NA,NA,NA,NA,NA,NA,NA,NA,0,0,0,0,0,0,0,0,0,0,0,0,0,0,0,0,0,0,LATEST_CDS_SNAPSHOT_AS_OF_2026-07-27,NA,LATEST_CDS_SNAPSHOT_AS_OF_2026-07-27,NA,NA,NA,NA,https://www.gradgpt.com/common-data-set,NA,NA,NA,069_University_of_Connecticut.txt
69,University of Pittsburgh,59.4,NA,NOT_SPECIFIED,1280,NA,1460,1370.0,MIDPOINT_OF_CDS_25TH_75TH_NOT_TRUE_AVERAGE,29,31,33,31,CDS_MEDIAN_50TH,NA,NA,NA,13620,596,NA,NA,NA,NA,NA,21222,0.028,15.267,5.235,7.261,0.033,60.4,4.995,2.973,3.807,0,0,0,0,0,0,0,0,0,0,0,0,0,0,0,0,0,0,LATEST_CDS_SNAPSHOT_AS_OF_2026-07-27,NA,LATEST_CDS_SNAPSHOT_AS_OF_2026-07-27,LATEST_CDS_SNAPSHOT_AS_OF_2026-07-27,NA,GRADGPT_LATEST_CDS_SNAPSHOT,GRADGPT_LATEST_CDS_SNAPSHOT,https://www.gradgpt.com/common-data-set,NA,https://www.gradgpt.com/common-data-set,https://www.gradgpt.com/common-data-set,069_University_of_Pittsburgh.txt
73,Binghamton University,NA,NA,NA,NA,NA,NA,NA,NA,NA,NA,NA,NA,NA,NA,NA,NA,NA,NA,NA,NA,NA,NA,NA,NA,NA,NA,NA,NA,NA,NA,NA,NA,NA,0,0,0,0,0,0,0,0,0,0,0,0,0,0,0,0,0,0,NA,NA,NA,NA,NA,NA,NA,NA,NA,NA,NA,073_Binghamton_University.txt
73,Indiana University Bloomington,75.9,NA,NOT_SPECIFIED,1200,NA,1410,1305.0,MIDPOINT_OF_CDS_25TH_75TH_NOT_TRUE_AVERAGE,NA,NA,NA,NA,NA,NA,NA,NA,NA,NA,NA,NA,NA,NA,NA,NA,NA,NA,NA,NA,NA,NA,NA,NA,NA,0,0,0,0,0,0,0,0,0,0,0,0,0,0,0,0,0,0,LATEST_CDS_SNAPSHOT_AS_OF_2026-07-27,NA,LATEST_CDS_SNAPSHOT_AS_OF_2026-07-27,NA,NA,NA,NA,https://www.gradgpt.com/common-data-set,NA,NA,NA,073_Indiana_University_Bloomington.txt
75,Clemson University,42.4,NA,NOT_SPECIFIED,1250,NA,1400,1325.0,MIDPOINT_OF_CDS_25TH_75TH_NOT_TRUE_AVERAGE,NA,NA,NA,NA,NA,NA,NA,NA,NA,NA,NA,NA,NA,NA,NA,NA,NA,NA,NA,NA,NA,NA,NA,NA,NA,0,0,0,0,0,0,0,0,0,0,0,0,0,0,0,0,0,0,LATEST_CDS_SNAPSHOT_AS_OF_2026-07-27,NA,LATEST_CDS_SNAPSHOT_AS_OF_2026-07-27,NA,NA,NA,NA,https://www.gradgpt.com/common-data-set,NA,NA,NA,075_Clemson_University.txt
75,Rutgers University-Newark,NA,NA,NA,NA,NA,NA,NA,NA,NA,NA,NA,NA,NA,NA,NA,NA,NA,NA,NA,NA,NA,NA,NA,NA,NA,NA,NA,NA,NA,NA,NA,NA,NA,0,0,0,0,0,0,0,0,0,0,0,0,0,0,0,0,0,0,NA,NA,NA,NA,NA,NA,NA,NA,NA,NA,NA,075_Rutgers_University_Newark.txt
75,Syracuse University,43,NA,NOT_SPECIFIED,1280,NA,1410,1345.0,MIDPOINT_OF_CDS_25TH_75TH_NOT_TRUE_AVERAGE,NA,NA,NA,NA,NA,NA,NA,NA,NA,NA,NA,NA,NA,NA,NA,NA,NA,NA,NA,NA,NA,NA,NA,NA,NA,0,0,0,0,0,0,0,0,0,0,0,0,0,0,0,0,0,0,LATEST_CDS_SNAPSHOT_AS_OF_2026-07-27,NA,LATEST_CDS_SNAPSHOT_AS_OF_2026-07-27,NA,NA,NA,NA,https://www.gradgpt.com/common-data-set,NA,NA,NA,075_Syracuse_University.txt
75,University at Buffalo,80.6,NA,NOT_SPECIFIED,1210,NA,1380,1295.0,MIDPOINT_OF_CDS_25TH_75TH_NOT_TRUE_AVERAGE,NA,NA,NA,NA,NA,NA,NA,NA,NA,NA,NA,NA,NA,NA,NA,NA,NA,NA,NA,NA,NA,NA,NA,NA,NA,0,0,0,0,0,0,0,0,0,0,0,0,0,0,0,0,0,0,LATEST_CDS_SNAPSHOT_AS_OF_2026-07-27,NA,LATEST_CDS_SNAPSHOT_AS_OF_2026-07-27,NA,NA,NA,NA,https://www.gradgpt.com/common-data-set,NA,NA,NA,075_University_at_Buffalo.txt
75,"University of California, Riverside",76.9,NA,NOT_SPECIFIED,NA,NA,NA,NA,NA,NA,NA,NA,NA,NA,NA,NA,NA,NA,NA,NA,NA,NA,NA,NA,NA,NA,NA,NA,NA,NA,NA,NA,NA,NA,0,0,0,0,0,0,0,0,0,0,0,0,0,0,0,0,0,0,LATEST_CDS_SNAPSHOT_AS_OF_2026-07-27,NA,NA,NA,NA,NA,NA,https://www.gradgpt.com/common-data-set,NA,NA,NA,075_University_of_California_Riverside.txt
80,Colorado School of Mines,58,NA,NOT_SPECIFIED,1340,NA,1460,1400.0,MIDPOINT_OF_CDS_25TH_75TH_NOT_TRUE_AVERAGE,NA,NA,NA,NA,NA,NA,NA,NA,NA,NA,NA,NA,NA,NA,NA,NA,NA,NA,NA,NA,NA,NA,NA,NA,NA,0,0,0,0,0,0,0,0,0,0,0,0,0,0,0,0,0,0,LATEST_CDS_SNAPSHOT_AS_OF_2026-07-27,NA,LATEST_CDS_SNAPSHOT_AS_OF_2026-07-27,NA,NA,NA,NA,https://www.gradgpt.com/common-data-set,NA,NA,NA,080_Colorado_School_of_Mines.txt
80,Drexel University,NA,NA,NA,NA,NA,NA,NA,NA,NA,NA,NA,NA,NA,NA,NA,NA,NA,NA,NA,NA,NA,NA,NA,NA,NA,NA,NA,NA,NA,NA,NA,NA,NA,0,0,0,0,0,0,0,0,0,0,0,0,0,0,0,0,0,0,NA,NA,NA,NA,NA,NA,NA,NA,NA,NA,NA,080_Drexel_University.txt
80,New Jersey Institute of Technology,NA,NA,NA,NA,NA,NA,NA,NA,NA,NA,NA,NA,NA,NA,NA,NA,NA,NA,NA,NA,NA,NA,NA,NA,NA,NA,NA,NA,NA,NA,NA,NA,NA,0,0,0,0,0,0,0,0,0,0,0,0,0,0,0,0,0,0,NA,NA,NA,NA,NA,NA,NA,NA,NA,NA,NA,080_New_Jersey_Institute_of_Technology.txt
80,Stevens Institute of Technology,NA,NA,NA,NA,NA,NA,NA,NA,NA,NA,NA,NA,NA,NA,NA,NA,NA,NA,NA,NA,NA,NA,NA,NA,NA,NA,NA,NA,NA,NA,NA,NA,NA,0,0,0,0,0,0,0,0,0,0,0,0,0,0,0,0,0,0,NA,NA,NA,NA,NA,NA,NA,NA,NA,NA,NA,080_Stevens_Institute_of_Technology.txt
84,Pepperdine University,NA,NA,NA,NA,NA,NA,NA,NA,NA,NA,NA,NA,NA,NA,NA,NA,NA,NA,NA,NA,NA,NA,NA,NA,NA,NA,NA,NA,NA,NA,NA,NA,NA,0,0,0,0,0,0,0,0,0,0,0,0,0,0,0,0,0,0,NA,NA,NA,NA,NA,NA,NA,NA,NA,NA,NA,084_Pepperdine_University.txt
84,University of Illinois Chicago,75.8,3.45,NOT_SPECIFIED,1030,1170,1300,1170,CDS_MEDIAN_50TH,24,27,31,27,CDS_MEDIAN_50TH,NA,11652,28352,17100,1400,1526,4500,NA,NA,NA,NA,NA,NA,NA,NA,NA,NA,NA,NA,NA,4,4,4,2,3,2,1,2,2,1,1,1,1,1,1,1,1,1,2025-26,2025-26,2025-26,2025-26,2025-26,NA,2025-26,https://www.collegedata.fyi/,https://www.collegedata.fyi/,https://www.collegedata.fyi/,NA,084_University_of_Illinois_Chicago.txt
84,Worcester Polytechnic Institute,NA,NA,NA,NA,NA,NA,NA,NA,NA,NA,NA,NA,NA,NA,NA,NA,NA,NA,NA,NA,NA,NA,NA,NA,NA,NA,NA,NA,NA,NA,NA,NA,NA,0,0,0,0,0,0,0,0,0,0,0,0,0,0,0,0,0,0,NA,NA,NA,NA,NA,NA,NA,NA,NA,NA,NA,084_Worcester_Polytechnic_Institute.txt
84,Yeshiva University,NA,NA,NA,NA,NA,NA,NA,NA,NA,NA,NA,NA,NA,NA,NA,NA,NA,NA,NA,NA,NA,NA,NA,NA,NA,NA,NA,NA,NA,NA,NA,NA,NA,0,0,0,0,0,0,0,0,0,0,0,0,0,0,0,0,0,0,NA,NA,NA,NA,NA,NA,NA,NA,NA,NA,NA,084_Yeshiva_University.txt
88,American University,NA,NA,NA,NA,NA,NA,NA,NA,NA,NA,NA,NA,NA,NA,NA,NA,NA,NA,NA,NA,NA,NA,NA,NA,NA,NA,NA,NA,NA,NA,NA,NA,NA,0,0,0,0,0,0,0,0,0,0,0,0,0,0,0,0,0,0,NA,NA,NA,NA,NA,NA,NA,NA,NA,NA,NA,088_American_University.txt
88,Baylor University,52.2,NA,NOT_SPECIFIED,1190,NA,1370,1280.0,MIDPOINT_OF_CDS_25TH_75TH_NOT_TRUE_AVERAGE,NA,NA,NA,NA,NA,NA,NA,NA,NA,NA,NA,NA,NA,NA,NA,NA,NA,NA,NA,NA,NA,NA,NA,NA,NA,0,0,0,0,0,0,0,0,0,0,0,0,0,0,0,0,0,0,LATEST_CDS_SNAPSHOT_AS_OF_2026-07-27,NA,LATEST_CDS_SNAPSHOT_AS_OF_2026-07-27,NA,NA,NA,NA,https://www.gradgpt.com/common-data-set,NA,NA,NA,088_Baylor_University.txt
88,Howard University,NA,3.68,NOT_SPECIFIED,NA,NA,NA,NA,NA,NA,NA,NA,NA,NA,37996,NA,NA,18982,1220,1154,2494,NA,NA,NA,NA,NA,NA,NA,NA,NA,NA,NA,NA,NA,4,2,4,4,2,2,1,2,2,3,2,2,1,1,1,0,0,0,2025-26,2025-26,NA,NA,2025-26,NA,2025-26,https://www.collegedata.fyi/,https://www.collegedata.fyi/,https://www.collegedata.fyi/,NA,088_Howard_University.txt
88,Marquette University,NA,NA,NA,NA,NA,NA,NA,NA,NA,NA,NA,NA,NA,NA,NA,NA,NA,NA,NA,NA,NA,NA,NA,NA,NA,NA,NA,NA,NA,NA,NA,NA,NA,0,0,0,0,0,0,0,0,0,0,0,0,0,0,0,0,0,0,NA,NA,NA,NA,NA,NA,NA,NA,NA,NA,NA,088_Marquette_University.txt
88,Rochester Institute of Technology,NA,NA,NA,NA,NA,NA,NA,NA,NA,NA,NA,NA,NA,NA,NA,NA,NA,NA,NA,NA,NA,NA,NA,NA,NA,NA,NA,NA,NA,NA,NA,NA,NA,0,0,0,0,0,0,0,0,0,0,0,0,0,0,0,0,0,0,NA,NA,NA,NA,NA,NA,NA,NA,NA,NA,NA,088_Rochester_Institute_of_Technology.txt
88,Southern Methodist University,NA,NA,NA,NA,NA,NA,NA,NA,NA,NA,NA,NA,NA,NA,NA,NA,NA,NA,NA,NA,NA,NA,NA,NA,NA,NA,NA,NA,NA,NA,NA,NA,NA,0,0,0,0,0,0,0,0,0,0,0,0,0,0,0,0,0,0,NA,NA,NA,NA,NA,NA,NA,NA,NA,NA,NA,088_Southern_Methodist_University.txt
88,"University of California, Santa Cruz",NA,NA,NA,NA,NA,NA,NA,NA,NA,NA,NA,NA,NA,NA,NA,NA,NA,NA,NA,NA,NA,NA,NA,NA,NA,NA,NA,NA,NA,NA,NA,NA,NA,0,0,0,0,0,0,0,0,0,0,0,0,0,0,0,0,0,0,NA,NA,NA,NA,NA,NA,NA,NA,NA,NA,NA,088_University_of_California_Santa_Cruz.txt
88,University of Delaware,69.2,NA,NOT_SPECIFIED,1220,NA,1370,1295.0,MIDPOINT_OF_CDS_25TH_75TH_NOT_TRUE_AVERAGE,NA,NA,NA,NA,NA,NA,NA,NA,NA,NA,NA,NA,NA,NA,NA,NA,NA,NA,NA,NA,NA,NA,NA,NA,NA,0,0,0,0,0,0,0,0,0,0,0,0,0,0,0,0,0,0,LATEST_CDS_SNAPSHOT_AS_OF_2026-07-27,NA,LATEST_CDS_SNAPSHOT_AS_OF_2026-07-27,NA,NA,NA,NA,https://www.gradgpt.com/common-data-set,NA,NA,NA,088_University_of_Delaware.txt
88,University of South Florida,40.7,NA,NOT_SPECIFIED,1160,NA,1340,1250.0,MIDPOINT_OF_CDS_25TH_75TH_NOT_TRUE_AVERAGE,NA,NA,NA,NA,NA,NA,NA,NA,NA,NA,NA,NA,NA,NA,NA,NA,NA,NA,NA,NA,NA,NA,NA,NA,NA,0,0,0,0,0,0,0,0,0,0,0,0,0,0,0,0,0,0,LATEST_CDS_SNAPSHOT_AS_OF_2026-07-27,NA,LATEST_CDS_SNAPSHOT_AS_OF_2026-07-27,NA,NA,NA,NA,https://www.gradgpt.com/common-data-set,NA,NA,NA,088_University_of_South_Florida.txt
97,Florida International University,NA,NA,NA,NA,NA,NA,NA,NA,NA,NA,NA,NA,NA,NA,NA,NA,NA,NA,NA,NA,NA,NA,NA,NA,NA,NA,NA,NA,NA,NA,NA,NA,NA,0,0,0,0,0,0,0,0,0,0,0,0,0,0,0,0,0,0,NA,NA,NA,NA,NA,NA,NA,NA,NA,NA,NA,097_Florida_International_University.txt
97,Fordham University,NA,NA,NA,NA,NA,NA,NA,NA,NA,NA,NA,NA,NA,NA,NA,NA,NA,NA,NA,NA,NA,NA,NA,NA,NA,NA,NA,NA,NA,NA,NA,NA,NA,0,0,0,0,0,0,0,0,0,0,0,0,0,0,0,0,0,0,NA,NA,NA,NA,NA,NA,NA,NA,NA,NA,NA,097_Fordham_University.txt
97,Rutgers University-Camden,NA,NA,NA,NA,NA,NA,NA,NA,NA,NA,NA,NA,NA,NA,NA,NA,NA,NA,NA,NA,NA,NA,NA,NA,NA,NA,NA,NA,NA,NA,NA,NA,NA,0,0,0,0,0,0,0,0,0,0,0,0,0,0,0,0,0,0,NA,NA,NA,NA,NA,NA,NA,NA,NA,NA,NA,097_Rutgers_University_Camden.txt
97,Texas Christian University,NA,NA,NA,NA,NA,NA,NA,NA,NA,NA,NA,NA,NA,NA,NA,NA,NA,NA,NA,NA,NA,NA,NA,NA,NA,NA,NA,NA,NA,NA,NA,NA,NA,0,0,0,0,0,0,0,0,0,0,0,0,0,0,0,0,0,0,NA,NA,NA,NA,NA,NA,NA,NA,NA,NA,NA,097_Texas_Christian_University.txt
97,University of Colorado Boulder,76,NA,NOT_SPECIFIED,1180,NA,1390,1285.0,MIDPOINT_OF_CDS_25TH_75TH_NOT_TRUE_AVERAGE,NA,NA,NA,NA,NA,NA,NA,NA,NA,NA,NA,NA,NA,NA,NA,NA,NA,NA,NA,NA,NA,NA,NA,NA,NA,0,0,0,0,0,0,0,0,0,0,0,0,0,0,0,0,0,0,LATEST_CDS_SNAPSHOT_AS_OF_2026-07-27,NA,LATEST_CDS_SNAPSHOT_AS_OF_2026-07-27,NA,NA,NA,NA,https://www.gradgpt.com/common-data-set,NA,NA,NA,097_University_of_Colorado_Boulder.txt
102,Auburn University,46,4.09,WEIGHTED,1260,NA,1320,1290.0,MIDPOINT_OF_CDS_25TH_75TH_NOT_TRUE_AVERAGE,26,28,29,28,CDS_MEDIAN_50TH,NA,11016,33048,16626,1200,3154,3012,NA,36882,58914,27907,0.254,2.902,4.103,4.597,0.068,82.825,3.261,0.34,1.648,0,0,0,0,0,0,0,0,0,0,0,0,0,0,0,0,0,0,LATEST_CDS_SNAPSHOT_AS_OF_2026-07-27,LATEST_CDS_SNAPSHOT_AS_OF_2026-07-27,LATEST_CDS_SNAPSHOT_AS_OF_2026-07-27,LATEST_CDS_SNAPSHOT_AS_OF_2026-07-27,NA,GRADGPT_LATEST_CDS_SNAPSHOT,GRADGPT_LATEST_CDS_SNAPSHOT,https://www.gradgpt.com/common-data-set,NA,https://www.gradgpt.com/common-data-set,https://www.gradgpt.com/common-data-set,102_Auburn_University.txt
102,Gonzaga University,NA,NA,NA,NA,NA,NA,NA,NA,NA,NA,NA,NA,NA,NA,NA,NA,NA,NA,NA,NA,NA,NA,NA,NA,NA,NA,NA,NA,NA,NA,NA,NA,NA,0,0,0,0,0,0,0,0,0,0,0,0,0,0,0,0,0,0,NA,NA,NA,NA,NA,NA,NA,NA,NA,NA,NA,102_Gonzaga_University.txt
102,Loyola Marymount University,NA,NA,NA,NA,NA,NA,NA,NA,NA,NA,NA,NA,NA,NA,NA,NA,NA,NA,NA,NA,NA,NA,NA,NA,NA,NA,NA,NA,NA,NA,NA,NA,NA,0,0,0,0,0,0,0,0,0,0,0,0,0,0,0,0,0,0,NA,NA,NA,NA,NA,NA,NA,NA,NA,NA,NA,102_Loyola_Marymount_University.txt
102,Saint Louis University,NA,NA,NA,NA,NA,NA,NA,NA,NA,NA,NA,NA,NA,NA,NA,NA,NA,NA,NA,NA,NA,NA,NA,NA,NA,NA,NA,NA,NA,NA,NA,NA,NA,0,0,0,0,0,0,0,0,0,0,0,0,0,0,0,0,0,0,NA,NA,NA,NA,NA,NA,NA,NA,NA,NA,NA,102_Saint_Louis_University.txt
102,Temple University,NA,NA,NA,NA,NA,NA,NA,NA,NA,NA,NA,NA,NA,NA,NA,NA,NA,NA,NA,NA,NA,NA,NA,NA,NA,NA,NA,NA,NA,NA,NA,NA,NA,0,0,0,0,0,0,0,0,0,0,0,0,0,0,0,0,0,0,NA,NA,NA,NA,NA,NA,NA,NA,NA,NA,NA,102_Temple_University.txt
102,University of Iowa,79.9,NA,NOT_SPECIFIED,1130,NA,1320,1225.0,MIDPOINT_OF_CDS_25TH_75TH_NOT_TRUE_AVERAGE,NA,NA,NA,NA,NA,NA,NA,NA,NA,NA,NA,NA,NA,NA,NA,NA,NA,NA,NA,NA,NA,NA,NA,NA,NA,0,0,0,0,0,0,0,0,0,0,0,0,0,0,0,0,0,0,LATEST_CDS_SNAPSHOT_AS_OF_2026-07-27,NA,LATEST_CDS_SNAPSHOT_AS_OF_2026-07-27,NA,NA,NA,NA,https://www.gradgpt.com/common-data-set,NA,NA,NA,102_University_of_Iowa.txt
102,University of Missouri,78.5,NA,NOT_SPECIFIED,1150,NA,1330,1240.0,MIDPOINT_OF_CDS_25TH_75TH_NOT_TRUE_AVERAGE,NA,NA,NA,NA,NA,NA,NA,NA,NA,NA,NA,NA,NA,NA,NA,NA,NA,NA,NA,NA,NA,NA,NA,NA,NA,0,0,0,0,0,0,0,0,0,0,0,0,0,0,0,0,0,0,LATEST_CDS_SNAPSHOT_AS_OF_2026-07-27,NA,LATEST_CDS_SNAPSHOT_AS_OF_2026-07-27,NA,NA,NA,NA,https://www.gradgpt.com/common-data-set,NA,NA,NA,102_University_of_Missouri.txt
102,"University of Tennessee, Knoxville",43.6,NA,NOT_SPECIFIED,1280,NA,1380,1330.0,MIDPOINT_OF_CDS_25TH_75TH_NOT_TRUE_AVERAGE,NA,NA,NA,NA,NA,NA,NA,NA,NA,NA,NA,NA,NA,NA,NA,NA,NA,NA,NA,NA,NA,NA,NA,NA,NA,0,0,0,0,0,0,0,0,0,0,0,0,0,0,0,0,0,0,LATEST_CDS_SNAPSHOT_AS_OF_2026-07-27,NA,LATEST_CDS_SNAPSHOT_AS_OF_2026-07-27,NA,NA,NA,NA,https://www.gradgpt.com/common-data-set,NA,NA,NA,102_University_of_Tennessee_Knoxville.txt
